mean	std
-0.15094	0.26329
