mean	std
-0.35460588937367854	0.2889039046464211
